Date,Year,Month,Quarter,Category,Region,Sales,Profit,Units,Marketing_Spend,Profit_Margin
2023-05-31 01:07:28.291057,2023,5,2,Electronics,North,35838,6122,235,2782,0.17083921100707222
2023-05-31 01:07:28.291057,2023,5,2,Electronics,South,53370,12418,1667,7710,0.2326879088383259
2023-05-31 01:07:28.291057,2023,5,2,Electronics,East,38776,10795,246,4961,0.27840959099508356
2023-05-31 01:07:28.291057,2023,5,2,Electronics,West,23171,5492,154,3470,0.23702593373174125
2023-05-31 01:07:28.291057,2023,5,2,Electronics,Central,29706,5572,401,3012,0.1875953976621243
2023-05-31 01:07:28.291057,2023,5,2,Clothing,North,46741,15512,271,6273,0.3318924659731419
2023-05-31 01:07:28.291057,2023,5,2,Clothing,South,40650,6163,478,4341,0.15162404779721986
2023-05-31 01:07:28.291057,2023,5,2,Clothing,East,20025,5308,263,2375,0.26509962225294215
2023-05-31 01:07:28.291057,2023,5,2,Clothing,West,32220,5052,473,1619,0.15679744176292001
2023-05-31 01:07:28.291057,2023,5,2,Clothing,Central,46425,9271,371,4377,0.19971109851786042
2023-05-31 01:07:28.291057,2023,5,2,Home Goods,North,30076,5082,884,2728,0.1689892275909335
2023-05-31 01:07:28.291057,2023,5,2,Home Goods,South,20936,3260,121,1965,0.15572822234794026
2023-05-31 01:07:28.291057,2023,5,2,Home Goods,East,28383,8307,675,4145,0.2927027025855503
2023-05-31 01:07:28.291057,2023,5,2,Home Goods,West,10813,3130,159,1140,0.28954324568190126
2023-05-31 01:07:28.291057,2023,5,2,Home Goods,Central,20250,5673,117,2413,0.28015936852764245
2023-05-31 01:07:28.291057,2023,5,2,Food & Beverage,North,11882,3491,139,1572,0.2938320133427793
2023-05-31 01:07:28.291057,2023,5,2,Food & Beverage,South,36048,8077,706,3166,0.22408703251966416
2023-05-31 01:07:28.291057,2023,5,2,Food & Beverage,East,37813,8773,205,3357,0.23201401825288284
2023-05-31 01:07:28.291057,2023,5,2,Food & Beverage,West,19982,4616,587,2440,0.23105517436821252
2023-05-31 01:07:28.291057,2023,5,2,Food & Beverage,Central,40393,6623,229,5632,0.16398642061258797
2023-05-31 01:07:28.291057,2023,5,2,Beauty,North,14076,3751,139,1856,0.2665044973104509
2023-05-31 01:07:28.291057,2023,5,2,Beauty,South,13847,3508,83,740,0.25339835323504206
2023-05-31 01:07:28.291057,2023,5,2,Beauty,East,42633,12949,1375,2915,0.30375467550542234
2023-05-31 01:07:28.291057,2023,5,2,Beauty,West,46801,16232,341,2444,0.3468448306426124
2023-05-31 01:07:28.291057,2023,5,2,Beauty,Central,21977,4323,289,1180,0.1967252560793057
2023-06-30 01:07:28.291057,2023,6,2,Electronics,North,31153,5472,486,2382,0.17565391781145948
2023-06-30 01:07:28.291057,2023,6,2,Electronics,South,55048,14884,696,7016,0.270396523701441
2023-06-30 01:07:28.291057,2023,6,2,Electronics,East,20628,5450,208,1728,0.2642124705951761
2023-06-30 01:07:28.291057,2023,6,2,Electronics,West,61064,16934,1001,8183,0.27731668096353335
2023-06-30 01:07:28.291057,2023,6,2,Electronics,Central,37969,10183,198,4402,0.26820330898602407
2023-06-30 01:07:28.291057,2023,6,2,Clothing,North,56229,14226,429,5318,0.25301404262905336
2023-06-30 01:07:28.291057,2023,6,2,Clothing,South,36590,5696,831,4213,0.15568237196552462
2023-06-30 01:07:28.291057,2023,6,2,Clothing,East,26624,5023,554,3787,0.18866752813153953
2023-06-30 01:07:28.291057,2023,6,2,Clothing,West,16311,4455,407,2343,0.27314332745201964
2023-06-30 01:07:28.291057,2023,6,2,Clothing,Central,15435,4232,122,878,0.2742232848594802
2023-06-30 01:07:28.291057,2023,6,2,Home Goods,North,21756,5338,118,1773,0.24539082696108655
2023-06-30 01:07:28.291057,2023,6,2,Home Goods,South,27914,9544,143,1880,0.3419202181084726
2023-06-30 01:07:28.291057,2023,6,2,Home Goods,East,41732,13254,344,4338,0.31761062486732744
2023-06-30 01:07:28.291057,2023,6,2,Home Goods,West,15432,2559,96,1221,0.16582437420696736
2023-06-30 01:07:28.291057,2023,6,2,Home Goods,Central,41931,6985,687,2331,0.16658605363819873
2023-06-30 01:07:28.291057,2023,6,2,Food & Beverage,North,18403,2829,213,962,0.15373979809612698
2023-06-30 01:07:28.291057,2023,6,2,Food & Beverage,South,29988,7663,170,4185,0.255549535475697
2023-06-30 01:07:28.291057,2023,6,2,Food & Beverage,East,24715,3766,333,3680,0.1524085584328382
2023-06-30 01:07:28.291057,2023,6,2,Food & Beverage,West,50610,8327,1176,7583,0.16454719641287713
2023-06-30 01:07:28.291057,2023,6,2,Food & Beverage,Central,23548,6455,356,3419,0.27413736039481795
2023-06-30 01:07:28.291057,2023,6,2,Beauty,North,51585,9068,286,3411,0.17578832919765813
2023-06-30 01:07:28.291057,2023,6,2,Beauty,South,31035,5008,886,2802,0.1613675213127183
2023-06-30 01:07:28.291057,2023,6,2,Beauty,East,13094,2028,132,1332,0.1549499545698492
2023-06-30 01:07:28.291057,2023,6,2,Beauty,West,33975,11564,828,3502,0.3403742361673182
2023-06-30 01:07:28.291057,2023,6,2,Beauty,Central,33035,9690,217,4925,0.2933377198366008
2023-07-31 01:07:28.291057,2023,7,3,Electronics,North,20820,4751,130,2653,0.22823100329864612
2023-07-31 01:07:28.291057,2023,7,3,Electronics,South,30138,10320,372,3520,0.3424383647452539
2023-07-31 01:07:28.291057,2023,7,3,Electronics,East,49927,16646,332,4963,0.33341030896135965
2023-07-31 01:07:28.291057,2023,7,3,Electronics,West,28375,6609,175,3175,0.23293976800365457
2023-07-31 01:07:28.291057,2023,7,3,Electronics,Central,48831,14245,939,3342,0.2917318945923665
2023-07-31 01:07:28.291057,2023,7,3,Clothing,North,25869,6432,311,1501,0.24867131599264214
2023-07-31 01:07:28.291057,2023,7,3,Clothing,South,18939,5093,498,1683,0.2689685920423285
2023-07-31 01:07:28.291057,2023,7,3,Clothing,East,22198,5235,112,2136,0.23583300489286385
2023-07-31 01:07:28.291057,2023,7,3,Clothing,West,47074,10793,237,6229,0.22929520326729536
2023-07-31 01:07:28.291057,2023,7,3,Clothing,Central,54626,18316,273,3331,0.33530668394454777
2023-07-31 01:07:28.291057,2023,7,3,Home Goods,North,25062,6985,194,3083,0.27871027671080384
2023-07-31 01:07:28.291057,2023,7,3,Home Goods,South,21669,7577,130,2245,0.3496906064340542
2023-07-31 01:07:28.291057,2023,7,3,Home Goods,East,18903,4162,122,1769,0.2202295744538002
2023-07-31 01:07:28.291057,2023,7,3,Home Goods,West,19319,3062,207,1349,0.1585336329178614
2023-07-31 01:07:28.291057,2023,7,3,Home Goods,Central,18441,3588,154,2689,0.1945868711907316
2023-07-31 01:07:28.291057,2023,7,3,Food & Beverage,North,61097,11614,316,5274,0.1901041753192041
2023-07-31 01:07:28.291057,2023,7,3,Food & Beverage,South,21183,5432,134,1253,0.2564568237731774
2023-07-31 01:07:28.291057,2023,7,3,Food & Beverage,East,44199,8944,539,5302,0.20237984081067828
2023-07-31 01:07:28.291057,2023,7,3,Food & Beverage,West,24062,7429,212,2135,0.3087604270556593
2023-07-31 01:07:28.291057,2023,7,3,Food & Beverage,Central,59487,17965,434,5029,0.30200400510320513
2023-07-31 01:07:28.291057,2023,7,3,Beauty,North,28106,5456,244,3147,0.19412813729731768
2023-07-31 01:07:28.291057,2023,7,3,Beauty,South,41107,8232,321,5381,0.2002703471004167
2023-07-31 01:07:28.291057,2023,7,3,Beauty,East,24885,6689,243,2342,0.26882359824251584
2023-07-31 01:07:28.291057,2023,7,3,Beauty,West,19239,5988,349,2831,0.3112671052745138
2023-07-31 01:07:28.291057,2023,7,3,Beauty,Central,16564,5784,338,1067,0.34924370709966857
2023-08-31 01:07:28.291057,2023,8,3,Electronics,North,30549,7505,159,3974,0.24567433261976548
2023-08-31 01:07:28.291057,2023,8,3,Electronics,South,39106,12672,269,3098,0.3240670774665014
2023-08-31 01:07:28.291057,2023,8,3,Electronics,East,49197,9542,848,5097,0.1939688221342537
2023-08-31 01:07:28.291057,2023,8,3,Electronics,West,59140,20298,422,3035,0.3432363178731856
2023-08-31 01:07:28.291057,2023,8,3,Electronics,Central,34920,8565,646,2477,0.2452973034193338
2023-08-31 01:07:28.291057,2023,8,3,Clothing,North,16789,5195,112,1573,0.3094394946902398
2023-08-31 01:07:28.291057,2023,8,3,Clothing,South,12248,2588,115,1349,0.21130287432626482
2023-08-31 01:07:28.291057,2023,8,3,Clothing,East,36498,11882,235,5406,0.3255626651676548
2023-08-31 01:07:28.291057,2023,8,3,Clothing,West,40902,11784,327,4581,0.288114973333925
2023-08-31 01:07:28.291057,2023,8,3,Clothing,Central,15592,5176,247,2004,0.3320088470651935
2023-08-31 01:07:28.291057,2023,8,3,Home Goods,North,36305,11202,197,4291,0.3085727703264223
2023-08-31 01:07:28.291057,2023,8,3,Home Goods,South,32988,10232,379,3104,0.31018040211818976
2023-08-31 01:07:28.291057,2023,8,3,Home Goods,East,24479,7676,874,2471,0.31358926426113326
2023-08-31 01:07:28.291057,2023,8,3,Home Goods,West,36883,8615,257,5388,0.2335898226337959
2023-08-31 01:07:28.291057,2023,8,3,Home Goods,Central,14364,4014,76,1039,0.27947967523638495
2023-08-31 01:07:28.291057,2023,8,3,Food & Beverage,North,65171,12720,3103,8901,0.19518322816595723
2023-08-31 01:07:28.291057,2023,8,3,Food & Beverage,South,29242,6661,635,1559,0.2277919907291338
2023-08-31 01:07:28.291057,2023,8,3,Food & Beverage,East,39315,13267,756,2052,0.3374584060621602
2023-08-31 01:07:28.291057,2023,8,3,Food & Beverage,West,15003,5136,312,920,0.3423709169179867
2023-08-31 01:07:28.291057,2023,8,3,Food & Beverage,Central,21812,4003,117,2327,0.18356249421104767
2023-08-31 01:07:28.291057,2023,8,3,Beauty,North,43348,14607,254,6025,0.33699059470059944
2023-08-31 01:07:28.291057,2023,8,3,Beauty,South,12939,3197,369,1665,0.24711602946516423
2023-08-31 01:07:28.291057,2023,8,3,Beauty,East,49911,10165,265,3620,0.20366383472627447
2023-08-31 01:07:28.291057,2023,8,3,Beauty,West,27305,4266,152,2167,0.1562564766333978
2023-08-31 01:07:28.291057,2023,8,3,Beauty,Central,21702,7122,140,2581,0.3282146922321043
2023-09-30 01:07:28.291057,2023,9,3,Electronics,North,53471,12177,1304,6559,0.22774066290929199
2023-09-30 01:07:28.291057,2023,9,3,Electronics,South,58446,8879,314,3318,0.15192676230188698
2023-09-30 01:07:28.291057,2023,9,3,Electronics,East,45717,15714,404,3711,0.34372729168503874
2023-09-30 01:07:28.291057,2023,9,3,Electronics,West,59165,17294,319,6665,0.29230316100779763
2023-09-30 01:07:28.291057,2023,9,3,Electronics,Central,14381,4760,109,844,0.33100529303460996
2023-09-30 01:07:28.291057,2023,9,3,Clothing,North,20411,5304,537,1946,0.2598643294252664
2023-09-30 01:07:28.291057,2023,9,3,Clothing,South,16000,4297,82,1634,0.26861995446118836
2023-09-30 01:07:28.291057,2023,9,3,Clothing,East,25000,8738,1190,1412,0.34952650784708955
2023-09-30 01:07:28.291057,2023,9,3,Clothing,West,24046,4471,171,3236,0.18595249889880536
2023-09-30 01:07:28.291057,2023,9,3,Clothing,Central,41503,12342,813,2428,0.2973999466510818
2023-09-30 01:07:28.291057,2023,9,3,Home Goods,North,25249,7438,217,1316,0.29460362105430493
2023-09-30 01:07:28.291057,2023,9,3,Home Goods,South,25550,5440,176,2444,0.212926996714771
2023-09-30 01:07:28.291057,2023,9,3,Home Goods,East,26441,7114,463,3804,0.2690866743332999
2023-09-30 01:07:28.291057,2023,9,3,Home Goods,West,11446,1833,69,998,0.1601510716545574
2023-09-30 01:07:28.291057,2023,9,3,Home Goods,Central,43609,7827,489,5685,0.17950093411551987
2023-09-30 01:07:28.291057,2023,9,3,Food & Beverage,North,42026,13142,1105,2815,0.3127140010254542
2023-09-30 01:07:28.291057,2023,9,3,Food & Beverage,South,47037,15847,305,2379,0.33691427285584885
2023-09-30 01:07:28.291057,2023,9,3,Food & Beverage,East,12190,3108,64,880,0.25498265607439824
2023-09-30 01:07:28.291057,2023,9,3,Food & Beverage,West,47011,14239,237,5850,0.3028941659050975
2023-09-30 01:07:28.291057,2023,9,3,Food & Beverage,Central,29946,5619,308,3788,0.18764743444555101
2023-09-30 01:07:28.291057,2023,9,3,Beauty,North,52433,10369,433,3889,0.1977702199093707
2023-09-30 01:07:28.291057,2023,9,3,Beauty,South,33067,9769,176,3941,0.2954345186519607
2023-09-30 01:07:28.291057,2023,9,3,Beauty,East,26788,7865,179,3100,0.293615882620159
2023-09-30 01:07:28.291057,2023,9,3,Beauty,West,26692,9253,167,3556,0.34668095920216685
2023-09-30 01:07:28.291057,2023,9,3,Beauty,Central,16389,3202,102,2008,0.1954347897564147
2023-10-31 01:07:28.291057,2023,10,4,Electronics,North,34591,8326,262,4657,0.2407200020346943
2023-10-31 01:07:28.291057,2023,10,4,Electronics,South,43891,9045,381,3842,0.20609382889461345
2023-10-31 01:07:28.291057,2023,10,4,Electronics,East,35426,10493,1265,2269,0.296197291668334
2023-10-31 01:07:28.291057,2023,10,4,Electronics,West,46779,14545,1063,2914,0.3109332746988164
2023-10-31 01:07:28.291057,2023,10,4,Electronics,Central,46902,14073,1202,4552,0.30005602654359737
2023-10-31 01:07:28.291057,2023,10,4,Clothing,North,36516,9526,480,2466,0.26087595885390025
2023-10-31 01:07:28.291057,2023,10,4,Clothing,South,24297,4161,130,3051,0.1712836165039047
2023-10-31 01:07:28.291057,2023,10,4,Clothing,East,44365,9597,338,5314,0.21632320162138477
2023-10-31 01:07:28.291057,2023,10,4,Clothing,West,30910,9746,309,2529,0.3153208452608186
2023-10-31 01:07:28.291057,2023,10,4,Clothing,Central,11667,2869,87,786,0.24597908123705875
2023-10-31 01:07:28.291057,2023,10,4,Home Goods,North,34962,9208,214,4130,0.26338073192144346
2023-10-31 01:07:28.291057,2023,10,4,Home Goods,South,38859,5842,238,5266,0.15035114712071643
2023-10-31 01:07:28.291057,2023,10,4,Home Goods,East,22185,5690,226,2172,0.25648248775587795
2023-10-31 01:07:28.291057,2023,10,4,Home Goods,West,18234,4592,236,2529,0.2518829678661548
2023-10-31 01:07:28.291057,2023,10,4,Home Goods,Central,37668,12067,965,2703,0.3203681687228115
2023-10-31 01:07:28.291057,2023,10,4,Food & Beverage,North,18109,4063,103,1154,0.22440401496952966
2023-10-31 01:07:28.291057,2023,10,4,Food & Beverage,South,38360,12390,351,2584,0.3230094112555349
2023-10-31 01:07:28.291057,2023,10,4,Food & Beverage,East,10363,2800,64,743,0.2702322002583432
2023-10-31 01:07:28.291057,2023,10,4,Food & Beverage,West,25622,7908,297,1805,0.3086754316842922
2023-10-31 01:07:28.291057,2023,10,4,Food & Beverage,Central,24223,7368,126,2323,0.30419480040127367
2023-10-31 01:07:28.291057,2023,10,4,Beauty,North,40075,7053,679,4673,0.17600708460502973
2023-10-31 01:07:28.291057,2023,10,4,Beauty,South,30523,9032,265,2753,0.29590825703549517
2023-10-31 01:07:28.291057,2023,10,4,Beauty,East,40339,10872,916,2306,0.26952717479256827
2023-10-31 01:07:28.291057,2023,10,4,Beauty,West,25150,8108,138,3115,0.322391453296795
2023-10-31 01:07:28.291057,2023,10,4,Beauty,Central,12108,2043,131,822,0.16879320883807938
2023-11-30 01:07:28.291057,2023,11,4,Electronics,North,42964,14797,895,3609,0.3444088688624748
2023-11-30 01:07:28.291057,2023,11,4,Electronics,South,73066,12044,2214,9291,0.16484149649480542
2023-11-30 01:07:28.291057,2023,11,4,Electronics,East,79992,17838,629,10145,0.22300610997521808
2023-11-30 01:07:28.291057,2023,11,4,Electronics,West,77830,12935,3706,3974,0.16620066472534167
2023-11-30 01:07:28.291057,2023,11,4,Electronics,Central,35332,9210,410,4914,0.2606918976856478
2023-11-30 01:07:28.291057,2023,11,4,Clothing,North,75711,25143,1081,4052,0.33209469131984415
2023-11-30 01:07:28.291057,2023,11,4,Clothing,South,62412,16118,542,8632,0.25825844173136325
2023-11-30 01:07:28.291057,2023,11,4,Clothing,East,66969,13689,643,4512,0.2044228654931194
2023-11-30 01:07:28.291057,2023,11,4,Clothing,West,60277,13121,1116,8864,0.21768206696253015
2023-11-30 01:07:28.291057,2023,11,4,Clothing,Central,51895,11839,373,5827,0.22814410358919704
2023-11-30 01:07:28.291057,2023,11,4,Home Goods,North,28525,9901,254,2128,0.3471288851281911
2023-11-30 01:07:28.291057,2023,11,4,Home Goods,South,40256,9112,406,4857,0.22636786573293977
2023-11-30 01:07:28.291057,2023,11,4,Home Goods,East,34352,10708,199,3745,0.311725070578156
2023-11-30 01:07:28.291057,2023,11,4,Home Goods,West,41143,10482,467,5269,0.2547728070444005
2023-11-30 01:07:28.291057,2023,11,4,Home Goods,Central,38689,6343,227,2318,0.1639664359553913
2023-11-30 01:07:28.291057,2023,11,4,Food & Beverage,North,41588,9056,442,5237,0.21776485000775161
2023-11-30 01:07:28.291057,2023,11,4,Food & Beverage,South,20538,5947,103,2143,0.28956153799741624
2023-11-30 01:07:28.291057,2023,11,4,Food & Beverage,East,46008,15362,351,3952,0.33391318267051906
2023-11-30 01:07:28.291057,2023,11,4,Food & Beverage,West,64360,20238,559,6073,0.3144567811590886
2023-11-30 01:07:28.291057,2023,11,4,Food & Beverage,Central,36394,5530,1399,3416,0.1519481350735373
2023-11-30 01:07:28.291057,2023,11,4,Beauty,North,69687,22750,2581,8329,0.3264668902864786
2023-11-30 01:07:28.291057,2023,11,4,Beauty,South,38697,9092,730,2090,0.23497207554743588
2023-11-30 01:07:28.291057,2023,11,4,Beauty,East,33585,9016,196,4326,0.26847767754232527
2023-11-30 01:07:28.291057,2023,11,4,Beauty,West,56482,16130,548,5720,0.28558043519469994
2023-11-30 01:07:28.291057,2023,11,4,Beauty,Central,40635,12126,280,4926,0.2984238071648727
2023-12-31 01:07:28.291057,2023,12,4,Electronics,North,26587,5138,305,3070,0.19325385313293236
2023-12-31 01:07:28.291057,2023,12,4,Electronics,South,25960,5604,240,2378,0.21589785280883478
2023-12-31 01:07:28.291057,2023,12,4,Electronics,East,30402,6111,341,3600,0.20100835177172136
2023-12-31 01:07:28.291057,2023,12,4,Electronics,West,34682,10636,541,4273,0.3066811445587254
2023-12-31 01:07:28.291057,2023,12,4,Electronics,Central,85150,13875,1001,9395,0.16295464104359442
2023-12-31 01:07:28.291057,2023,12,4,Clothing,North,65536,11278,1560,9737,0.17210177247283232
2023-12-31 01:07:28.291057,2023,12,4,Clothing,South,47817,8018,514,6001,0.16769811140500512
2023-12-31 01:07:28.291057,2023,12,4,Clothing,East,70660,23633,406,8877,0.33446975122599154
2023-12-31 01:07:28.291057,2023,12,4,Clothing,West,46917,14495,275,3046,0.3089688520866771
2023-12-31 01:07:28.291057,2023,12,4,Clothing,Central,43192,10176,366,2766,0.23562065561835543
2023-12-31 01:07:28.291057,2023,12,4,Home Goods,North,43513,9683,1279,4769,0.22254675566335996
2023-12-31 01:07:28.291057,2023,12,4,Home Goods,South,44259,12154,413,2429,0.2746249496324237
2023-12-31 01:07:28.291057,2023,12,4,Home Goods,East,32375,11250,179,2579,0.34751537695426626
2023-12-31 01:07:28.291057,2023,12,4,Home Goods,West,49385,7782,1829,2620,0.15759743205535706
2023-12-31 01:07:28.291057,2023,12,4,Home Goods,Central,18577,5072,104,1734,0.27302933081161707
2023-12-31 01:07:28.291057,2023,12,4,Food & Beverage,North,23656,6419,254,2500,0.2713548313013968
2023-12-31 01:07:28.291057,2023,12,4,Food & Beverage,South,46643,7906,466,3238,0.16950657052264229
2023-12-31 01:07:28.291057,2023,12,4,Food & Beverage,East,71545,20373,1788,10428,0.284771511999685
2023-12-31 01:07:28.291057,2023,12,4,Food & Beverage,West,74904,17326,823,8714,0.23131528791637798
2023-12-31 01:07:28.291057,2023,12,4,Food & Beverage,Central,53545,17667,519,4425,0.32995153295912316
2023-12-31 01:07:28.291057,2023,12,4,Beauty,North,38649,10060,361,2259,0.2602932312338958
2023-12-31 01:07:28.291057,2023,12,4,Beauty,South,36964,12383,185,4021,0.335006557928532
2023-12-31 01:07:28.291057,2023,12,4,Beauty,East,56175,14264,291,7848,0.253924046019871
2023-12-31 01:07:28.291057,2023,12,4,Beauty,West,22060,6564,134,2594,0.29759421735811664
2023-12-31 01:07:28.291057,2023,12,4,Beauty,Central,69670,20764,1009,9694,0.2980462465075305
2024-01-31 01:07:28.291057,2024,1,1,Electronics,North,56879,18639,861,5082,0.32770341170365586
2024-01-31 01:07:28.291057,2024,1,1,Electronics,South,21096,3499,226,1472,0.1658898633082715
2024-01-31 01:07:28.291057,2024,1,1,Electronics,East,60531,13302,1513,6020,0.21976827797896564
2024-01-31 01:07:28.291057,2024,1,1,Electronics,West,14886,2904,127,1004,0.19512921039595033
2024-01-31 01:07:28.291057,2024,1,1,Electronics,Central,46380,13171,1131,5421,0.2839867996446516
2024-01-31 01:07:28.291057,2024,1,1,Clothing,North,43430,8204,472,2561,0.18891230132484832
2024-01-31 01:07:28.291057,2024,1,1,Clothing,South,32395,9842,162,4392,0.3038133567729425
2024-01-31 01:07:28.291057,2024,1,1,Clothing,East,16602,3606,227,878,0.21722819020599193
2024-01-31 01:07:28.291057,2024,1,1,Clothing,West,48992,14085,288,5884,0.2875132344271064
2024-01-31 01:07:28.291057,2024,1,1,Clothing,Central,13558,4133,121,1037,0.3048790582022115
2024-01-31 01:07:28.291057,2024,1,1,Home Goods,North,22239,5894,186,1642,0.26505513303794787
2024-01-31 01:07:28.291057,2024,1,1,Home Goods,South,19371,3036,136,2569,0.15675880442823534
2024-01-31 01:07:28.291057,2024,1,1,Home Goods,East,17109,2853,96,1757,0.1667644585444241
2024-01-31 01:07:28.291057,2024,1,1,Home Goods,West,11452,2262,229,1253,0.19752494296437073
2024-01-31 01:07:28.291057,2024,1,1,Home Goods,Central,38220,13170,305,4369,0.34460099195244004
2024-01-31 01:07:28.291057,2024,1,1,Food & Beverage,North,40629,10986,257,2638,0.2704108176026652
2024-01-31 01:07:28.291057,2024,1,1,Food & Beverage,South,15126,3472,77,1120,0.2295487354158457
2024-01-31 01:07:28.291057,2024,1,1,Food & Beverage,East,39787,13067,229,3189,0.32843518255104687
2024-01-31 01:07:28.291057,2024,1,1,Food & Beverage,West,39076,11006,1628,4810,0.28167918857373164
2024-01-31 01:07:28.291057,2024,1,1,Food & Beverage,Central,15069,3863,307,826,0.2563709208901641
2024-01-31 01:07:28.291057,2024,1,1,Beauty,North,47678,15026,387,7088,0.3151700342987701
2024-01-31 01:07:28.291057,2024,1,1,Beauty,South,46032,11619,348,6531,0.2524300733552225
2024-01-31 01:07:28.291057,2024,1,1,Beauty,East,45673,14774,228,5875,0.32348926131479866
2024-01-31 01:07:28.291057,2024,1,1,Beauty,West,49613,13698,1459,4538,0.2761000607772719
2024-01-31 01:07:28.291057,2024,1,1,Beauty,Central,13821,3141,115,1026,0.22729645670460288
2024-02-29 01:07:28.291057,2024,2,1,Electronics,North,51005,12821,296,3081,0.2513691750243842
2024-02-29 01:07:28.291057,2024,2,1,Electronics,South,57706,11688,571,5618,0.20254873314560318
2024-02-29 01:07:28.291057,2024,2,1,Electronics,East,20244,6887,259,2845,0.34020735753536036
2024-02-29 01:07:28.291057,2024,2,1,Electronics,West,62376,14363,685,3499,0.23027881560416494
2024-02-29 01:07:28.291057,2024,2,1,Electronics,Central,58383,12615,322,4721,0.21608709621280062
2024-02-29 01:07:28.291057,2024,2,1,Clothing,North,40548,7276,242,4622,0.17946517333353731
2024-02-29 01:07:28.291057,2024,2,1,Clothing,South,11895,2385,73,1693,0.2005440977407058
2024-02-29 01:07:28.291057,2024,2,1,Clothing,East,26551,8953,465,2568,0.33721239650360013
2024-02-29 01:07:28.291057,2024,2,1,Clothing,West,28715,8100,1196,2702,0.28210640140057885
2024-02-29 01:07:28.291057,2024,2,1,Clothing,Central,43292,12083,250,2837,0.27910634500980536
2024-02-29 01:07:28.291057,2024,2,1,Home Goods,North,10723,2964,135,857,0.27644039284377375
2024-02-29 01:07:28.291057,2024,2,1,Home Goods,South,28249,9214,144,1738,0.3261756518463778
2024-02-29 01:07:28.291057,2024,2,1,Home Goods,East,16260,4776,172,1855,0.2937284507052406
2024-02-29 01:07:28.291057,2024,2,1,Home Goods,West,37616,8804,578,2324,0.23406840466568213
2024-02-29 01:07:28.291057,2024,2,1,Home Goods,Central,40173,7565,461,2626,0.18832255278029708
2024-02-29 01:07:28.291057,2024,2,1,Food & Beverage,North,19683,3051,231,2226,0.15501051069173724
2024-02-29 01:07:28.291057,2024,2,1,Food & Beverage,South,35022,10683,449,3821,0.3050407899385468
2024-02-29 01:07:28.291057,2024,2,1,Food & Beverage,East,27804,8504,283,2582,0.3058697154594652
2024-02-29 01:07:28.291057,2024,2,1,Food & Beverage,West,44152,7262,1919,5399,0.16447817766816195
2024-02-29 01:07:28.291057,2024,2,1,Food & Beverage,Central,30622,5757,263,1894,0.18802889148519417
2024-02-29 01:07:28.291057,2024,2,1,Beauty,North,35686,5739,1622,4423,0.16084685908093824
2024-02-29 01:07:28.291057,2024,2,1,Beauty,South,29241,10003,172,2048,0.34208902624279597
2024-02-29 01:07:28.291057,2024,2,1,Beauty,East,45278,10242,1741,6729,0.22621116516255246
2024-02-29 01:07:28.291057,2024,2,1,Beauty,West,23357,6113,151,1570,0.261740419882718
2024-02-29 01:07:28.291057,2024,2,1,Beauty,Central,41789,8410,908,3086,0.20127206949403645
2024-03-31 01:07:28.291057,2024,3,1,Electronics,North,42931,14601,596,4128,0.3401146215662811
2024-03-31 01:07:28.291057,2024,3,1,Electronics,South,34032,6184,192,3713,0.18171349117374347
2024-03-31 01:07:28.291057,2024,3,1,Electronics,East,40485,7005,240,5663,0.17302984630463925
2024-03-31 01:07:28.291057,2024,3,1,Electronics,West,47821,16105,276,5732,0.33678308210094315
2024-03-31 01:07:28.291057,2024,3,1,Electronics,Central,54119,15452,1745,7249,0.2855239128394574
2024-03-31 01:07:28.291057,2024,3,1,Clothing,North,48923,8310,635,6892,0.1698684055778097
2024-03-31 01:07:28.291057,2024,3,1,Clothing,South,43261,6809,245,6458,0.15739784657807357
2024-03-31 01:07:28.291057,2024,3,1,Clothing,East,39273,6075,561,4858,0.1546962860485617
2024-03-31 01:07:28.291057,2024,3,1,Clothing,West,29003,9733,453,3695,0.3355994445847889
2024-03-31 01:07:28.291057,2024,3,1,Clothing,Central,10229,2414,92,1452,0.23602072541638644
2024-03-31 01:07:28.291057,2024,3,1,Home Goods,North,26221,4030,285,3227,0.15372818724287407
2024-03-31 01:07:28.291057,2024,3,1,Home Goods,South,23045,7431,426,3088,0.322487828670899
2024-03-31 01:07:28.291057,2024,3,1,Home Goods,East,24513,7532,445,1660,0.3072924282455971
2024-03-31 01:07:28.291057,2024,3,1,Home Goods,West,40781,9935,536,2730,0.24363788697681954
2024-03-31 01:07:28.291057,2024,3,1,Home Goods,Central,26281,4878,273,2359,0.185633658233825
2024-03-31 01:07:28.291057,2024,3,1,Food & Beverage,North,41555,6473,716,2537,0.1557878006916613
2024-03-31 01:07:28.291057,2024,3,1,Food & Beverage,South,46115,10024,1844,6794,0.2173789320531296
2024-03-31 01:07:28.291057,2024,3,1,Food & Beverage,East,23579,4760,137,3155,0.20190759448121534
2024-03-31 01:07:28.291057,2024,3,1,Food & Beverage,West,17921,3750,107,2077,0.20925267796824087
2024-03-31 01:07:28.291057,2024,3,1,Food & Beverage,Central,16920,3779,483,1042,0.22335348059585622
2024-03-31 01:07:28.291057,2024,3,1,Beauty,North,40400,8662,1063,5202,0.21442714076287694
2024-03-31 01:07:28.291057,2024,3,1,Beauty,South,35429,11198,192,4569,0.31609159491938743
2024-03-31 01:07:28.291057,2024,3,1,Beauty,East,39645,10043,966,2505,0.2533322898549283
2024-03-31 01:07:28.291057,2024,3,1,Beauty,West,44940,7204,591,3909,0.16032326098526142
2024-03-31 01:07:28.291057,2024,3,1,Beauty,Central,14753,4986,97,940,0.3379713526135153
2024-04-30 01:07:28.291057,2024,4,2,Electronics,North,54983,13967,2290,2901,0.25403030527925224
2024-04-30 01:07:28.291057,2024,4,2,Electronics,South,36683,12624,199,3218,0.3441632952254793
2024-04-30 01:07:28.291057,2024,4,2,Electronics,East,56347,8457,283,7334,0.15009838408044368
2024-04-30 01:07:28.291057,2024,4,2,Electronics,West,34290,6143,298,1805,0.17917058201166727
2024-04-30 01:07:28.291057,2024,4,2,Electronics,Central,42523,7945,390,5682,0.18686124406279883
2024-04-30 01:07:28.291057,2024,4,2,Clothing,North,13668,4434,75,1231,0.3244109387193327
2024-04-30 01:07:28.291057,2024,4,2,Clothing,South,26696,4884,213,2976,0.1829579635140825
2024-04-30 01:07:28.291057,2024,4,2,Clothing,East,33041,7984,718,3157,0.24164333763930684
2024-04-30 01:07:28.291057,2024,4,2,Clothing,West,20090,6513,340,2180,0.32423958458959495
2024-04-30 01:07:28.291057,2024,4,2,Clothing,Central,48387,16644,848,3227,0.343979148806082
2024-04-30 01:07:28.291057,2024,4,2,Home Goods,North,26410,4368,190,3005,0.16541464230099556
2024-04-30 01:07:28.291057,2024,4,2,Home Goods,South,41374,12856,985,2677,0.31073550673798367
2024-04-30 01:07:28.291057,2024,4,2,Home Goods,East,26837,6713,993,2999,0.2501634958151187
2024-04-30 01:07:28.291057,2024,4,2,Home Goods,West,18528,4982,127,1163,0.2689395731995721
2024-04-30 01:07:28.291057,2024,4,2,Home Goods,Central,43882,14157,1994,3058,0.3226357313862269
2024-04-30 01:07:28.291057,2024,4,2,Food & Beverage,North,46730,10867,687,4850,0.23256871278220467
2024-04-30 01:07:28.291057,2024,4,2,Food & Beverage,South,17178,4400,139,1269,0.2561905566662123
2024-04-30 01:07:28.291057,2024,4,2,Food & Beverage,East,26967,7313,162,1352,0.27121945030669153
2024-04-30 01:07:28.291057,2024,4,2,Food & Beverage,West,17408,3969,90,1757,0.2280211906124534
2024-04-30 01:07:28.291057,2024,4,2,Food & Beverage,Central,36313,10605,399,3362,0.2920500359665643
2024-04-30 01:07:28.291057,2024,4,2,Beauty,North,23629,6630,762,1832,0.28059096899078073
2024-04-30 01:07:28.291057,2024,4,2,Beauty,South,39260,11356,254,4731,0.2892653184856377
2024-04-30 01:07:28.291057,2024,4,2,Beauty,East,13069,2747,70,727,0.2102116621578332
2024-04-30 01:07:28.291057,2024,4,2,Beauty,West,45954,11620,621,5707,0.2528733033304227
2024-04-30 01:07:28.291057,2024,4,2,Beauty,Central,33040,9073,173,2875,0.2746360506425619
2024-05-31 01:07:28.291057,2024,5,2,Electronics,North,61507,13587,1230,6722,0.22090361915416779
2024-05-31 01:07:28.291057,2024,5,2,Electronics,South,40120,11906,218,3938,0.29676813791765566
2024-05-31 01:07:28.291057,2024,5,2,Electronics,East,18387,3572,199,1528,0.19427637729981348
2024-05-31 01:07:28.291057,2024,5,2,Electronics,West,54765,13857,296,3306,0.25303419184409454
2024-05-31 01:07:28.291057,2024,5,2,Electronics,Central,46820,10129,314,3905,0.21636040390977695
2024-05-31 01:07:28.291057,2024,5,2,Clothing,North,14818,4596,78,1100,0.31016578460678224
2024-05-31 01:07:28.291057,2024,5,2,Clothing,South,31939,7752,651,3367,0.24273909413849942
2024-05-31 01:07:28.291057,2024,5,2,Clothing,East,23925,6397,398,3459,0.2673954173611536
2024-05-31 01:07:28.291057,2024,5,2,Clothing,West,46479,9069,233,4682,0.19513865731068314
2024-05-31 01:07:28.291057,2024,5,2,Clothing,Central,44593,7088,537,2596,0.15896194415130904
2024-05-31 01:07:28.291057,2024,5,2,Home Goods,North,33719,7771,223,4501,0.23047065377149417
2024-05-31 01:07:28.291057,2024,5,2,Home Goods,South,33242,6833,265,4542,0.20556225245190773
2024-05-31 01:07:28.291057,2024,5,2,Home Goods,East,22163,3717,791,2967,0.16773391089338088
2024-05-31 01:07:28.291057,2024,5,2,Home Goods,West,23846,6471,596,1715,0.2713932788543278
2024-05-31 01:07:28.291057,2024,5,2,Home Goods,Central,26602,6422,258,3489,0.2414370130611171
2024-05-31 01:07:28.291057,2024,5,2,Food & Beverage,North,30884,9820,199,3846,0.3179948774475052
2024-05-31 01:07:28.291057,2024,5,2,Food & Beverage,South,33240,11109,265,1959,0.33423205861471184
2024-05-31 01:07:28.291057,2024,5,2,Food & Beverage,East,18052,3972,212,1643,0.22007206816696157
2024-05-31 01:07:28.291057,2024,5,2,Food & Beverage,West,34629,9412,196,4479,0.2718017682810264
2024-05-31 01:07:28.291057,2024,5,2,Food & Beverage,Central,34540,5260,1079,3082,0.1523149449666834
2024-05-31 01:07:28.291057,2024,5,2,Beauty,North,40334,7944,212,5261,0.1969579294280093
2024-05-31 01:07:28.291057,2024,5,2,Beauty,South,42710,11642,449,5963,0.2725978807392376
2024-05-31 01:07:28.291057,2024,5,2,Beauty,East,12512,4114,103,1642,0.3288741228966087
2024-05-31 01:07:28.291057,2024,5,2,Beauty,West,11084,2038,103,620,0.1839245469618659
2024-05-31 01:07:28.291057,2024,5,2,Beauty,Central,45998,12348,282,3019,0.2684485937117116
2024-06-30 01:07:28.291057,2024,6,2,Electronics,North,25910,6248,177,3598,0.2411437654823072
2024-06-30 01:07:28.291057,2024,6,2,Electronics,South,20629,6131,421,2436,0.2972382691537485
2024-06-30 01:07:28.291057,2024,6,2,Electronics,East,47478,7195,516,2694,0.15155271697019151
2024-06-30 01:07:28.291057,2024,6,2,Electronics,West,45319,7619,286,4411,0.1681392248824253
2024-06-30 01:07:28.291057,2024,6,2,Electronics,Central,39119,13127,267,5347,0.335586011803709
2024-06-30 01:07:28.291057,2024,6,2,Clothing,North,16572,4056,247,1145,0.24475570417264364
2024-06-30 01:07:28.291057,2024,6,2,Clothing,South,30640,5446,174,3484,0.17774971097530576
2024-06-30 01:07:28.291057,2024,6,2,Clothing,East,19773,3621,117,2385,0.18317139842534177
2024-06-30 01:07:28.291057,2024,6,2,Clothing,West,17175,5934,858,1962,0.34553257382449776
2024-06-30 01:07:28.291057,2024,6,2,Clothing,Central,43648,8122,222,5623,0.18610050399396194
2024-06-30 01:07:28.291057,2024,6,2,Home Goods,North,28046,6496,185,1799,0.23163505109830165
2024-06-30 01:07:28.291057,2024,6,2,Home Goods,South,42459,9014,2122,4651,0.21232177511796244
2024-06-30 01:07:28.291057,2024,6,2,Home Goods,East,33019,9282,1031,4420,0.2811324572263788
2024-06-30 01:07:28.291057,2024,6,2,Home Goods,West,14070,4415,238,2061,0.3138115625086325
2024-06-30 01:07:28.291057,2024,6,2,Home Goods,Central,9706,1729,75,1111,0.17819820840778514
2024-06-30 01:07:28.291057,2024,6,2,Food & Beverage,North,49761,8345,297,4904,0.16770749325117407
2024-06-30 01:07:28.291057,2024,6,2,Food & Beverage,South,31262,5878,212,1755,0.18802534242304042
2024-06-30 01:07:28.291057,2024,6,2,Food & Beverage,East,20992,5653,488,2236,0.26930931582206363
2024-06-30 01:07:28.291057,2024,6,2,Food & Beverage,West,17244,5203,862,2063,0.30173795191873654
2024-06-30 01:07:28.291057,2024,6,2,Food & Beverage,Central,53130,15924,474,7035,0.29972502286423985
2024-06-30 01:07:28.291057,2024,6,2,Beauty,North,21986,5165,142,3188,0.2349656137237961
2024-06-30 01:07:28.291057,2024,6,2,Beauty,South,21239,5663,530,1566,0.26665693868639984
2024-06-30 01:07:28.291057,2024,6,2,Beauty,East,49583,12655,252,3920,0.2552444856077779
2024-06-30 01:07:28.291057,2024,6,2,Beauty,West,45136,14106,227,6496,0.3125386390652291
2024-06-30 01:07:28.291057,2024,6,2,Beauty,Central,17441,3600,91,1724,0.20642890263076902
2024-07-31 01:07:28.291057,2024,7,3,Electronics,North,35255,8699,542,4929,0.24676624919646595
2024-07-31 01:07:28.291057,2024,7,3,Electronics,South,36069,7990,396,3749,0.22152780015994936
2024-07-31 01:07:28.291057,2024,7,3,Electronics,East,30882,8415,253,4040,0.27250236381540244
2024-07-31 01:07:28.291057,2024,7,3,Electronics,West,18439,4756,419,2512,0.25795917808293717
2024-07-31 01:07:28.291057,2024,7,3,Electronics,Central,54116,8869,546,3104,0.16389547266288235
2024-07-31 01:07:28.291057,2024,7,3,Clothing,North,53623,11003,478,6897,0.2051923004229258
2024-07-31 01:07:28.291057,2024,7,3,Clothing,South,53218,13012,967,3812,0.24452240975655484
2024-07-31 01:07:28.291057,2024,7,3,Clothing,East,16322,3547,103,2063,0.21733631363368652
2024-07-31 01:07:28.291057,2024,7,3,Clothing,West,37776,10253,275,2406,0.2714275081978314
2024-07-31 01:07:28.291057,2024,7,3,Clothing,Central,36751,9623,583,2925,0.26185613845456995
2024-07-31 01:07:28.291057,2024,7,3,Home Goods,North,44773,7511,250,6370,0.16776446781510718
2024-07-31 01:07:28.291057,2024,7,3,Home Goods,South,29459,5376,165,4384,0.18250193072876153
2024-07-31 01:07:28.291057,2024,7,3,Home Goods,East,39254,12399,467,4505,0.31588293196392936
2024-07-31 01:07:28.291057,2024,7,3,Home Goods,West,11106,3217,270,1052,0.28973809205283246
2024-07-31 01:07:28.291057,2024,7,3,Home Goods,Central,12177,2175,225,1349,0.17867201198133917
2024-07-31 01:07:28.291057,2024,7,3,Food & Beverage,North,64299,11482,698,6571,0.17857877143546677
2024-07-31 01:07:28.291057,2024,7,3,Food & Beverage,South,46304,13223,857,6013,0.28557604478369103
2024-07-31 01:07:28.291057,2024,7,3,Food & Beverage,East,55754,9295,832,4425,0.16672477109445547
2024-07-31 01:07:28.291057,2024,7,3,Food & Beverage,West,22435,6278,207,1469,0.2798425197428619
2024-07-31 01:07:28.291057,2024,7,3,Food & Beverage,Central,12924,3248,113,1344,0.2513203116706151
2024-07-31 01:07:28.291057,2024,7,3,Beauty,North,32596,9377,346,2307,0.28767583623151227
2024-07-31 01:07:28.291057,2024,7,3,Beauty,South,33266,5902,496,4920,0.17742188366498948
2024-07-31 01:07:28.291057,2024,7,3,Beauty,East,11164,3062,166,694,0.2743143488562132
2024-07-31 01:07:28.291057,2024,7,3,Beauty,West,17694,6076,92,1489,0.34340974062359775
2024-07-31 01:07:28.291057,2024,7,3,Beauty,Central,15972,3671,94,1451,0.22988872314380496
2024-08-31 01:07:28.291057,2024,8,3,Electronics,North,62905,17910,413,6725,0.2847193331611673
2024-08-31 01:07:28.291057,2024,8,3,Electronics,South,18395,4556,206,1391,0.24772546499955572
2024-08-31 01:07:28.291057,2024,8,3,Electronics,East,51130,13560,543,6294,0.2652147731330763
2024-08-31 01:07:28.291057,2024,8,3,Electronics,West,53995,18503,2699,7605,0.3426891982540069
2024-08-31 01:07:28.291057,2024,8,3,Electronics,Central,29684,7503,824,2803,0.25276613894236627
2024-08-31 01:07:28.291057,2024,8,3,Clothing,North,42925,14000,517,2778,0.3261539571347636
2024-08-31 01:07:28.291057,2024,8,3,Clothing,South,14390,2802,146,2147,0.1947365429956014
2024-08-31 01:07:28.291057,2024,8,3,Clothing,East,55240,10347,1042,7504,0.1873118295750541
2024-08-31 01:07:28.291057,2024,8,3,Clothing,West,55668,15458,1070,4292,0.2776874178808213
2024-08-31 01:07:28.291057,2024,8,3,Clothing,Central,30909,10695,671,3031,0.346027655066414
2024-08-31 01:07:28.291057,2024,8,3,Home Goods,North,43107,12765,221,4216,0.2961243323596796
2024-08-31 01:07:28.291057,2024,8,3,Home Goods,South,42515,6730,472,3778,0.15830605279157908
2024-08-31 01:07:28.291057,2024,8,3,Home Goods,East,33736,9658,235,4012,0.28630386489173143
2024-08-31 01:07:28.291057,2024,8,3,Home Goods,West,40071,12553,299,4250,0.3132899881092387
2024-08-31 01:07:28.291057,2024,8,3,Home Goods,Central,29263,4677,1393,4052,0.15983400391364702
2024-08-31 01:07:28.291057,2024,8,3,Food & Beverage,North,44313,13582,852,2322,0.3065128627145006
2024-08-31 01:07:28.291057,2024,8,3,Food & Beverage,South,41958,10552,346,6245,0.2515093066821595
2024-08-31 01:07:28.291057,2024,8,3,Food & Beverage,East,35786,6593,994,3077,0.18423821103870286
2024-08-31 01:07:28.291057,2024,8,3,Food & Beverage,West,24074,7481,304,2507,0.3107676933862873
2024-08-31 01:07:28.291057,2024,8,3,Food & Beverage,Central,31566,10675,485,1943,0.3381877274689765
2024-08-31 01:07:28.291057,2024,8,3,Beauty,North,25294,7450,190,2713,0.29454686333021984
2024-08-31 01:07:28.291057,2024,8,3,Beauty,South,43124,14868,582,4710,0.3447874222793386
2024-08-31 01:07:28.291057,2024,8,3,Beauty,East,36709,10996,1748,4237,0.2995595304276777
2024-08-31 01:07:28.291057,2024,8,3,Beauty,West,17617,4689,518,1703,0.2661810090431298
2024-08-31 01:07:28.291057,2024,8,3,Beauty,Central,24857,5183,552,2359,0.20853464538807753
2024-09-30 01:07:28.291057,2024,9,3,Electronics,North,36537,5911,323,5341,0.16180802128634122
2024-09-30 01:07:28.291057,2024,9,3,Electronics,South,15283,5273,145,1970,0.3450699587144115
2024-09-30 01:07:28.291057,2024,9,3,Electronics,East,31565,6657,252,3565,0.2109277942430578
2024-09-30 01:07:28.291057,2024,9,3,Electronics,West,27809,6442,267,3708,0.23165690683534257
2024-09-30 01:07:28.291057,2024,9,3,Electronics,Central,23259,6428,505,1705,0.2763737754299953
2024-09-30 01:07:28.291057,2024,9,3,Clothing,North,23553,8118,341,1501,0.3446823462908966
2024-09-30 01:07:28.291057,2024,9,3,Clothing,South,33012,8484,179,4214,0.25700000826389535
2024-09-30 01:07:28.291057,2024,9,3,Clothing,East,10685,3262,117,1496,0.3053211216218315
2024-09-30 01:07:28.291057,2024,9,3,Clothing,West,49571,13614,698,3658,0.27464230457188155
2024-09-30 01:07:28.291057,2024,9,3,Clothing,Central,22723,5772,162,2598,0.2540530712909558
2024-09-30 01:07:28.291057,2024,9,3,Home Goods,North,44351,15261,277,3543,0.34410155081339744
2024-09-30 01:07:28.291057,2024,9,3,Home Goods,South,9676,1737,261,844,0.1795859618017982
2024-09-30 01:07:28.291057,2024,9,3,Home Goods,East,27540,9189,411,2129,0.3336771684576672
2024-09-30 01:07:28.291057,2024,9,3,Home Goods,West,16357,3819,292,1638,0.23347900658414267
2024-09-30 01:07:28.291057,2024,9,3,Home Goods,Central,39961,8731,275,5718,0.21850798789789624
2024-09-30 01:07:28.291057,2024,9,3,Food & Beverage,North,51056,17259,495,5366,0.3380509901894339
2024-09-30 01:07:28.291057,2024,9,3,Food & Beverage,South,42623,8177,349,5733,0.19184743728605336
2024-09-30 01:07:28.291057,2024,9,3,Food & Beverage,East,18948,3873,105,2246,0.20442953673426084
2024-09-30 01:07:28.291057,2024,9,3,Food & Beverage,West,44504,13740,347,4025,0.30874651737124137
2024-09-30 01:07:28.291057,2024,9,3,Food & Beverage,Central,37711,10465,754,3676,0.277518593301182
2024-09-30 01:07:28.291057,2024,9,3,Beauty,North,18694,5974,415,2616,0.31959692738669365
2024-09-30 01:07:28.291057,2024,9,3,Beauty,South,25726,6692,627,3326,0.2601526374813298
2024-09-30 01:07:28.291057,2024,9,3,Beauty,East,19108,4902,107,2065,0.25654371719025704
2024-09-30 01:07:28.291057,2024,9,3,Beauty,West,20629,5704,144,2891,0.2765308885100454
2024-09-30 01:07:28.291057,2024,9,3,Beauty,Central,23414,3931,867,2290,0.16789206572720464
2024-10-31 01:07:28.291057,2024,10,4,Electronics,North,66565,15170,1799,5176,0.22789963293669596
2024-10-31 01:07:28.291057,2024,10,4,Electronics,South,29154,8711,1079,1801,0.29880229064126146
2024-10-31 01:07:28.291057,2024,10,4,Electronics,East,29133,7010,368,3291,0.24063790543443447
2024-10-31 01:07:28.291057,2024,10,4,Electronics,West,51468,14828,306,4983,0.28810227091668017
2024-10-31 01:07:28.291057,2024,10,4,Electronics,Central,59987,20854,508,7436,0.34765637232404345
2024-10-31 01:07:28.291057,2024,10,4,Clothing,North,35494,7653,449,2759,0.2156402274770002
2024-10-31 01:07:28.291057,2024,10,4,Clothing,South,26720,8760,785,2596,0.32787155741444757
2024-10-31 01:07:28.291057,2024,10,4,Clothing,East,48545,10743,665,2592,0.22131919474285666
2024-10-31 01:07:28.291057,2024,10,4,Clothing,West,32335,5415,336,4235,0.16749239551784567
2024-10-31 01:07:28.291057,2024,10,4,Clothing,Central,31130,7612,741,1814,0.24452710297952168
2024-10-31 01:07:28.291057,2024,10,4,Home Goods,North,18436,3842,138,1036,0.20842048049499032
2024-10-31 01:07:28.291057,2024,10,4,Home Goods,South,20389,7058,155,2109,0.3461771911544748
2024-10-31 01:07:28.291057,2024,10,4,Home Goods,East,18551,3050,115,943,0.16444836125609394
2024-10-31 01:07:28.291057,2024,10,4,Home Goods,West,15397,2410,233,1631,0.15655918317956635
2024-10-31 01:07:28.291057,2024,10,4,Home Goods,Central,23749,7155,124,2571,0.30131134782601815
2024-10-31 01:07:28.291057,2024,10,4,Food & Beverage,North,15820,3235,95,2272,0.2045002679220157
2024-10-31 01:07:28.291057,2024,10,4,Food & Beverage,South,23720,4537,484,3110,0.19130083019022462
2024-10-31 01:07:28.291057,2024,10,4,Food & Beverage,East,19333,6450,201,1988,0.3336372938843359
2024-10-31 01:07:28.291057,2024,10,4,Food & Beverage,West,18757,3044,275,2783,0.1623356626321663
2024-10-31 01:07:28.291057,2024,10,4,Food & Beverage,Central,14759,2459,87,1952,0.1666151262396896
2024-10-31 01:07:28.291057,2024,10,4,Beauty,North,21433,7480,446,2879,0.348994689091209
2024-10-31 01:07:28.291057,2024,10,4,Beauty,South,23570,6692,151,1491,0.28393286333267975
2024-10-31 01:07:28.291057,2024,10,4,Beauty,East,42793,11664,521,6294,0.2725847680800298
2024-10-31 01:07:28.291057,2024,10,4,Beauty,West,48853,14743,1575,7228,0.3018026505662905
2024-10-31 01:07:28.291057,2024,10,4,Beauty,Central,45726,14587,1088,5264,0.319011775813778
2024-11-30 01:07:28.291057,2024,11,4,Electronics,North,57799,9123,409,8473,0.157841382916738
2024-11-30 01:07:28.291057,2024,11,4,Electronics,South,30008,7693,198,3283,0.2563882082212111
2024-11-30 01:07:28.291057,2024,11,4,Electronics,East,21804,5566,234,2690,0.25527706182393395
2024-11-30 01:07:28.291057,2024,11,4,Electronics,West,33171,10439,253,3475,0.3147314879058183
2024-11-30 01:07:28.291057,2024,11,4,Electronics,Central,78865,22467,402,3991,0.28488665846195727
2024-11-30 01:07:28.291057,2024,11,4,Clothing,North,74796,15459,442,8988,0.20668564217913366
2024-11-30 01:07:28.291057,2024,11,4,Clothing,South,44482,9542,232,6476,0.21452042661358248
2024-11-30 01:07:28.291057,2024,11,4,Clothing,East,30417,5675,222,3070,0.18657753923314524
2024-11-30 01:07:28.291057,2024,11,4,Clothing,West,73833,16205,1342,6699,0.2194831598537993
2024-11-30 01:07:28.291057,2024,11,4,Clothing,Central,51000,9538,356,6038,0.18703004432352416
2024-11-30 01:07:28.291057,2024,11,4,Home Goods,North,17776,6148,143,2643,0.34590537614763467
2024-11-30 01:07:28.291057,2024,11,4,Home Goods,South,63402,9919,1132,7477,0.15645062405363397
2024-11-30 01:07:28.291057,2024,11,4,Home Goods,East,51401,8560,458,4899,0.16654683604760126
2024-11-30 01:07:28.291057,2024,11,4,Home Goods,West,19545,4300,224,1691,0.2200104322533578
2024-11-30 01:07:28.291057,2024,11,4,Home Goods,Central,31610,4996,279,3066,0.15806431084989184
2024-11-30 01:07:28.291057,2024,11,4,Food & Beverage,North,33471,7036,288,2788,0.21021874957817172
2024-11-30 01:07:28.291057,2024,11,4,Food & Beverage,South,54010,12193,270,7564,0.22575946694252147
2024-11-30 01:07:28.291057,2024,11,4,Food & Beverage,East,59928,12233,425,3997,0.2041306102464104
2024-11-30 01:07:28.291057,2024,11,4,Food & Beverage,West,46710,10070,741,4793,0.2156029695816885
2024-11-30 01:07:28.291057,2024,11,4,Food & Beverage,Central,47956,12758,307,5874,0.2660549562857551
2024-11-30 01:07:28.291057,2024,11,4,Beauty,North,49254,7976,428,2541,0.16194412561242602
2024-11-30 01:07:28.291057,2024,11,4,Beauty,South,43312,11202,397,2875,0.25864911595034534
2024-11-30 01:07:28.291057,2024,11,4,Beauty,East,34212,8252,209,4642,0.24120647069578008
2024-11-30 01:07:28.291057,2024,11,4,Beauty,West,22060,3897,190,2254,0.17665828971185582
2024-11-30 01:07:28.291057,2024,11,4,Beauty,Central,37135,12629,239,2812,0.3400906809288552
2024-12-31 01:07:28.291057,2024,12,4,Electronics,North,66396,18488,503,8046,0.2784599699153262
2024-12-31 01:07:28.291057,2024,12,4,Electronics,South,76645,13677,567,10689,0.17844838258608126
2024-12-31 01:07:28.291057,2024,12,4,Electronics,East,94438,29370,601,4779,0.3110064439996958
2024-12-31 01:07:28.291057,2024,12,4,Electronics,West,73041,19748,370,6023,0.2703793734000376
2024-12-31 01:07:28.291057,2024,12,4,Electronics,Central,47459,7751,318,3976,0.1633268857802408
2024-12-31 01:07:28.291057,2024,12,4,Clothing,North,22159,4081,363,3139,0.18418838766148252
2024-12-31 01:07:28.291057,2024,12,4,Clothing,South,28511,6988,221,3162,0.2451005364183247
2024-12-31 01:07:28.291057,2024,12,4,Clothing,East,31623,5842,270,2074,0.1847692413233919
2024-12-31 01:07:28.291057,2024,12,4,Clothing,West,59821,18451,337,4401,0.3084387723303731
2024-12-31 01:07:28.291057,2024,12,4,Clothing,Central,64605,13896,326,7004,0.21509822513763568
2024-12-31 01:07:28.291057,2024,12,4,Home Goods,North,34059,11010,523,4206,0.3232668579213561
2024-12-31 01:07:28.291057,2024,12,4,Home Goods,South,28299,6439,216,4014,0.22756178996527504
2024-12-31 01:07:28.291057,2024,12,4,Home Goods,East,25610,4822,155,1557,0.18829890641187233
2024-12-31 01:07:28.291057,2024,12,4,Home Goods,West,26978,6230,562,1447,0.23094696477413823
2024-12-31 01:07:28.291057,2024,12,4,Home Goods,Central,39498,12818,201,5325,0.32454141806507
2024-12-31 01:07:28.291057,2024,12,4,Food & Beverage,North,30995,4778,397,2782,0.15418212156448965
2024-12-31 01:07:28.291057,2024,12,4,Food & Beverage,South,18419,3631,178,2112,0.19715090542013086
2024-12-31 01:07:28.291057,2024,12,4,Food & Beverage,East,42046,10325,257,4000,0.24556801768189918
2024-12-31 01:07:28.291057,2024,12,4,Food & Beverage,West,66280,13087,450,5074,0.19746112432046128
2024-12-31 01:07:28.291057,2024,12,4,Food & Beverage,Central,32812,5664,482,4892,0.1726320990455869
2024-12-31 01:07:28.291057,2024,12,4,Beauty,North,59640,19082,1217,3094,0.31996858812849205
2024-12-31 01:07:28.291057,2024,12,4,Beauty,South,32442,5004,791,2975,0.15425256524884592
2024-12-31 01:07:28.291057,2024,12,4,Beauty,East,62560,16489,719,7618,0.2635846498927787
2024-12-31 01:07:28.291057,2024,12,4,Beauty,West,18532,6135,97,1145,0.33106807135292404
2024-12-31 01:07:28.291057,2024,12,4,Beauty,Central,28401,6997,169,3091,0.2463980123155253
2025-01-31 01:07:28.291057,2025,1,1,Electronics,North,59705,17804,702,6587,0.29820351565730996
2025-01-31 01:07:28.291057,2025,1,1,Electronics,South,43827,9492,433,4395,0.21658068288190718
2025-01-31 01:07:28.291057,2025,1,1,Electronics,East,31840,5770,448,2226,0.1812245696537026
2025-01-31 01:07:28.291057,2025,1,1,Electronics,West,26522,4798,465,2369,0.1809282968470125
2025-01-31 01:07:28.291057,2025,1,1,Electronics,Central,24637,7698,879,2374,0.31249250514012494
2025-01-31 01:07:28.291057,2025,1,1,Clothing,North,21785,5490,427,1598,0.2520288737607864
2025-01-31 01:07:28.291057,2025,1,1,Clothing,South,44577,10618,948,4071,0.23821355790735024
2025-01-31 01:07:28.291057,2025,1,1,Clothing,East,43037,6591,406,5634,0.15315103170009328
2025-01-31 01:07:28.291057,2025,1,1,Clothing,West,11692,3310,62,1603,0.2831046391683625
2025-01-31 01:07:28.291057,2025,1,1,Clothing,Central,13005,3890,156,1141,0.29912628425010623
2025-01-31 01:07:28.291057,2025,1,1,Home Goods,North,29562,6613,1285,3099,0.2237270261768418
2025-01-31 01:07:28.291057,2025,1,1,Home Goods,South,28687,8066,349,2173,0.2811923878806437
2025-01-31 01:07:28.291057,2025,1,1,Home Goods,East,27268,7664,199,1967,0.2810683741075719
2025-01-31 01:07:28.291057,2025,1,1,Home Goods,West,21637,5327,153,2313,0.24624173273275396
2025-01-31 01:07:28.291057,2025,1,1,Home Goods,Central,29283,8088,160,2416,0.2762094145518412
2025-01-31 01:07:28.291057,2025,1,1,Food & Beverage,North,38778,8425,1384,2299,0.2172869142572612
2025-01-31 01:07:28.291057,2025,1,1,Food & Beverage,South,27411,7629,187,2762,0.2783534401531198
2025-01-31 01:07:28.291057,2025,1,1,Food & Beverage,East,18651,4266,262,1852,0.22877514152301145
2025-01-31 01:07:28.291057,2025,1,1,Food & Beverage,West,29944,9467,282,3512,0.31618372301902786
2025-01-31 01:07:28.291057,2025,1,1,Food & Beverage,Central,21317,6025,109,2944,0.28267664627835265
2025-01-31 01:07:28.291057,2025,1,1,Beauty,North,32677,9649,553,2159,0.2953059713048104
2025-01-31 01:07:28.291057,2025,1,1,Beauty,South,18170,4733,213,1186,0.2604980377641165
2025-01-31 01:07:28.291057,2025,1,1,Beauty,East,48187,16386,719,4969,0.34005329536013124
2025-01-31 01:07:28.291057,2025,1,1,Beauty,West,42005,13566,259,3291,0.32297706980558116
2025-01-31 01:07:28.291057,2025,1,1,Beauty,Central,21898,7654,187,2149,0.3495667324062336
2025-02-28 01:07:28.291057,2025,2,1,Electronics,North,23060,7086,678,1648,0.3073192133154292
2025-02-28 01:07:28.291057,2025,2,1,Electronics,South,23498,5089,267,1932,0.2166112838680807
2025-02-28 01:07:28.291057,2025,2,1,Electronics,East,45160,8294,376,4692,0.18366545235628767
2025-02-28 01:07:28.291057,2025,2,1,Electronics,West,35586,8553,370,3002,0.2403507197972754
2025-02-28 01:07:28.291057,2025,2,1,Electronics,Central,13620,2223,172,1923,0.1632718010609828
2025-02-28 01:07:28.291057,2025,2,1,Clothing,North,37720,5879,254,3130,0.1558677345280746
2025-02-28 01:07:28.291057,2025,2,1,Clothing,South,17042,2694,137,1504,0.15813502743289648
2025-02-28 01:07:28.291057,2025,2,1,Clothing,East,17142,2617,234,1003,0.15269002911302865
2025-02-28 01:07:28.291057,2025,2,1,Clothing,West,11130,1860,98,1642,0.16711662822876022
2025-02-28 01:07:28.291057,2025,2,1,Clothing,Central,33314,10398,197,4193,0.3121410495788023
2025-02-28 01:07:28.291057,2025,2,1,Home Goods,North,43107,11484,256,3836,0.266424034137458
2025-02-28 01:07:28.291057,2025,2,1,Home Goods,South,26060,5821,542,2163,0.22337171091668975
2025-02-28 01:07:28.291057,2025,2,1,Home Goods,East,39758,8042,621,4003,0.20227654001236295
2025-02-28 01:07:28.291057,2025,2,1,Home Goods,West,43338,12472,1444,5554,0.2877899228846673
2025-02-28 01:07:28.291057,2025,2,1,Home Goods,Central,18072,5513,420,2686,0.3051099519489888
2025-02-28 01:07:28.291057,2025,2,1,Food & Beverage,North,21956,4206,203,2809,0.19160412460093837
2025-02-28 01:07:28.291057,2025,2,1,Food & Beverage,South,23130,4450,162,3392,0.19239171568825547
2025-02-28 01:07:28.291057,2025,2,1,Food & Beverage,East,25559,6687,128,2583,0.2616611788378155
2025-02-28 01:07:28.291057,2025,2,1,Food & Beverage,West,18664,4219,252,1299,0.22609419034023048
2025-02-28 01:07:28.291057,2025,2,1,Food & Beverage,Central,26512,5383,207,1525,0.20307402276294723
2025-02-28 01:07:28.291057,2025,2,1,Beauty,North,11575,2971,65,977,0.2567460412583758
2025-02-28 01:07:28.291057,2025,2,1,Beauty,South,20576,6501,302,2225,0.31599734503901555
2025-02-28 01:07:28.291057,2025,2,1,Beauty,East,19115,5114,238,1190,0.26757628079385437
2025-02-28 01:07:28.291057,2025,2,1,Beauty,West,35141,6681,362,1979,0.19014546763161444
2025-02-28 01:07:28.291057,2025,2,1,Beauty,Central,12878,4185,279,1048,0.325042907616742
2025-03-31 01:07:28.291057,2025,3,1,Electronics,North,65368,17244,353,4507,0.26381275119601616
2025-03-31 01:07:28.291057,2025,3,1,Electronics,South,16046,5407,87,1905,0.3369878711063377
2025-03-31 01:07:28.291057,2025,3,1,Electronics,East,20133,3381,125,1622,0.16797272574287994
2025-03-31 01:07:28.291057,2025,3,1,Electronics,West,30202,6524,580,3076,0.216026604280363
2025-03-31 01:07:28.291057,2025,3,1,Electronics,Central,25186,5527,251,1898,0.21948538873309437
2025-03-31 01:07:28.291057,2025,3,1,Clothing,North,16462,2781,257,2242,0.16898717969951682
2025-03-31 01:07:28.291057,2025,3,1,Clothing,South,22548,6055,239,3046,0.2685640113350411
2025-03-31 01:07:28.291057,2025,3,1,Clothing,East,40908,10802,221,5316,0.26407837646432025
2025-03-31 01:07:28.291057,2025,3,1,Clothing,West,29501,8086,256,2398,0.27412411905484496
2025-03-31 01:07:28.291057,2025,3,1,Clothing,Central,35580,10877,684,5101,0.3057205849565553
2025-03-31 01:07:28.291057,2025,3,1,Home Goods,North,29409,5455,147,3046,0.18551198532295768
2025-03-31 01:07:28.291057,2025,3,1,Home Goods,South,10260,1679,51,996,0.16365815095359654
2025-03-31 01:07:28.291057,2025,3,1,Home Goods,East,32707,9906,203,2794,0.30288271151104196
2025-03-31 01:07:28.291057,2025,3,1,Home Goods,West,38521,5886,310,5207,0.1528226915337039
2025-03-31 01:07:28.291057,2025,3,1,Home Goods,Central,33206,10264,244,3513,0.3091161676162377
2025-03-31 01:07:28.291057,2025,3,1,Food & Beverage,North,25780,7410,174,1488,0.2874452330127647
2025-03-31 01:07:28.291057,2025,3,1,Food & Beverage,South,28614,5907,362,1940,0.20646178342221982
2025-03-31 01:07:28.291057,2025,3,1,Food & Beverage,East,38446,8134,1601,5218,0.2115700015222731
2025-03-31 01:07:28.291057,2025,3,1,Food & Beverage,West,15413,2315,95,1202,0.15021394845924602
2025-03-31 01:07:28.291057,2025,3,1,Food & Beverage,Central,10886,3600,81,579,0.3307724829671432
2025-03-31 01:07:28.291057,2025,3,1,Beauty,North,43015,8379,254,2623,0.19480832513548016
2025-03-31 01:07:28.291057,2025,3,1,Beauty,South,14440,2563,141,1392,0.17754814921893303
2025-03-31 01:07:28.291057,2025,3,1,Beauty,East,17519,5102,257,968,0.29125210467693285
2025-03-31 01:07:28.291057,2025,3,1,Beauty,West,11494,3717,65,767,0.32347262856015324
2025-03-31 01:07:28.291057,2025,3,1,Beauty,Central,34823,6487,240,2880,0.1862957182013876
2025-04-30 01:07:28.291057,2025,4,2,Electronics,North,51530,8946,268,3287,0.17361631051895532
2025-04-30 01:07:28.291057,2025,4,2,Electronics,South,35451,5878,529,4301,0.16582381326323337
2025-04-30 01:07:28.291057,2025,4,2,Electronics,East,27479,6905,159,2330,0.2513083362094147
2025-04-30 01:07:28.291057,2025,4,2,Electronics,West,29389,8566,293,2007,0.2914740970631411
2025-04-30 01:07:28.291057,2025,4,2,Electronics,Central,58402,14997,1769,3385,0.25679996822586376
2025-04-30 01:07:28.291057,2025,4,2,Clothing,North,32932,11124,202,3565,0.3378054168550878
2025-04-30 01:07:28.291057,2025,4,2,Clothing,South,31321,9391,180,3604,0.2998547889239509
2025-04-30 01:07:28.291057,2025,4,2,Clothing,East,43257,8997,275,4183,0.2079926547000234
2025-04-30 01:07:28.291057,2025,4,2,Clothing,West,28475,6736,296,2904,0.23658927386223977
2025-04-30 01:07:28.291057,2025,4,2,Clothing,Central,25698,8526,535,3656,0.33177921878349936
2025-04-30 01:07:28.291057,2025,4,2,Home Goods,North,15039,2328,93,1177,0.15482104782772022
2025-04-30 01:07:28.291057,2025,4,2,Home Goods,South,21268,3577,119,1068,0.16822568773173943
2025-04-30 01:07:28.291057,2025,4,2,Home Goods,East,12620,3645,467,1254,0.2888476448839501
2025-04-30 01:07:28.291057,2025,4,2,Home Goods,West,27074,5446,156,1637,0.20118249457960408
2025-04-30 01:07:28.291057,2025,4,2,Home Goods,Central,24942,4621,296,2591,0.18530834295820717
2025-04-30 01:07:28.291057,2025,4,2,Food & Beverage,North,53594,10451,1071,5238,0.1950125581254618
2025-04-30 01:07:28.291057,2025,4,2,Food & Beverage,South,23678,6187,179,3539,0.2613228461423009
2025-04-30 01:07:28.291057,2025,4,2,Food & Beverage,East,36993,6995,228,4779,0.18910274761585888
2025-04-30 01:07:28.291057,2025,4,2,Food & Beverage,West,10340,2901,195,705,0.28062729795265307
2025-04-30 01:07:28.291057,2025,4,2,Food & Beverage,Central,12928,3969,587,1885,0.307069697224323
2025-04-30 01:07:28.291057,2025,4,2,Beauty,North,33836,7576,554,2003,0.22392992267317052
2025-04-30 01:07:28.291057,2025,4,2,Beauty,South,40588,9582,1352,2960,0.23609356618701982
2025-04-30 01:07:28.291057,2025,4,2,Beauty,East,13390,3828,152,952,0.28595462827715945
2025-04-30 01:07:28.291057,2025,4,2,Beauty,West,18020,4957,858,2170,0.27512531419783126
2025-04-30 01:07:28.291057,2025,4,2,Beauty,Central,21181,3669,176,3046,0.17324918879338932
